"Tanggal","Jenis.Produk","Jumlah.Order","Harga","Total","Bulan","Tahun"
2022-08-05,"Foodpak260",1000,1800,1800000,8,2022
2022-08-05,"FoodpakMatte245",1000,1900,1900000,8,2022
2022-08-05,"CraftLaminasi290",5000,750,3750000,8,2022
2022-08-05,"CraftLaminasi290",1000,1200,1200000,8,2022
2022-08-07,"Dupleks310",1000,1550,1550000,8,2022
2022-08-08,"Dupleks310",500,1900,950000,8,2022
2022-08-08,"Ivory270",1000,1700,1700000,8,2022
2022-08-09,"Kinstruk130",1000,1000,1000000,8,2022
2022-08-09,"HVS",1500,850,1275000,8,2022
2022-08-09,"Dupleks350",500,1800,900000,8,2022
2022-08-09,"Dupleks350",500,1800,900000,8,2022
2022-08-10,"Dupleks310",500,1600,800000,8,2022
2022-08-10,"Ivory270",1000,2000,2000000,8,2022
2022-08-11,"CraftLaminasi290",1000,850,850000,8,2022
2022-08-11,"Dupleks350",500,1800,900000,8,2022
2022-08-11,"Dupleks350",500,1800,900000,8,2022
2022-08-11,"Dupleks310",2000,1300,2600000,8,2022
2022-08-12,"CraftLaminasi",1000,1200,1200000,8,2022
2022-08-12,"Ivory270",1000,2000,2000000,8,2022
2022-08-12,"Dupleks350",1000,2200,2200000,8,2022
2022-08-12,"CraftLaminasi290",3000,800,2400000,8,2022
2022-08-12,"CraftLaminasi290",500,600,300000,8,2022
2022-08-13,"GRESSPROFF",1500,300,450000,8,2022
2022-08-15,"Ivory230+LaminasiDoff",1500,1100,1650000,8,2022
2022-08-15,"260Glossy",2000,2300,4600000,8,2022
2022-08-15,"CraftFoodpak290",1000,2200,2200000,8,2022
2022-08-15,"Ivory230",3000,950,2850000,8,2022
2022-08-15,"CraftFoodpak290",3000,875,2625000,8,2022
2022-08-15,"Dupleks310",2000,1600,3200000,8,2022
2022-08-15,"Foodpak260Matte",1000,2200,2200000,8,2022
2022-08-15,"Dupleks270",1000,1900,1900000,8,2022
2022-08-16,"Dupleks310",2000,1750,3500000,8,2022
2022-08-16,"Dupleks350",2000,1975,3950000,8,2022
2022-08-16,"Kinstruk130",2000,500,1000000,8,2022
2022-08-18,"CraftFoodpak290",1000,975,975000,8,2022
2022-08-18,"Dupleks270",500,2200,1100000,8,2022
2022-08-18,"Kinstruk150",500,900,450000,8,2022
2022-08-18,"FoodpakMatte245",1000,1800,1800000,8,2022
2022-08-22,"Dupleks310",2000,1710,3420000,8,2022
2022-08-22,"CraftFoodpak290",3500,1300,4550000,8,2022
2022-08-22,"Dupleks310",1000,1900,1900000,8,2022
2022-08-22,"Kinstruk260",3500,1650,5775000,8,2022
2022-08-22,"CraftFoodpak290",2000,1200,2400000,8,2022
2022-08-22,"CraftFoodpak290",2000,1850,3700000,8,2022
2022-08-22,"Dupleks310",2000,1800,3600000,8,2022
2022-08-22,"FoodpakGlossy",1000,2300,2300000,8,2022
2022-08-29,"Dupleks310",1000,1550,1550000,8,2022
2022-08-29,"Ivory230",2000,1450,2900000,8,2022
2022-08-29,"Dupleks310",1000,1800,1800000,8,2022
2022-08-30,"Ivory300",1000,1700,1700000,8,2022
2022-08-30,"Dupleks310",1500,1900,2850000,8,2022
2022-08-30,"Dupleks270Eplex",3000,1300,3900000,8,2022
2022-08-30,"Dupleks310",1000,2200,2200000,8,2022
2022-08-31,"Ivory250",1000,1600,1600000,8,2022
2022-08-31,"GreaseProof",1000,400,400000,8,2022
2022-09-01,"Foodpak295Matte",1000,1900,1900000,9,2022
2022-09-02,"Dupleks350",2000,1500,3000000,9,2022
2022-09-02,"Dupleks310",1000,1500,1500000,9,2022
2022-09-02,"GreaseProof",1000,500,500000,9,2022
2022-09-02,"Ivory230",2000,945,1890000,9,2022
2022-09-02,"CraftLaminasi290",5000,800,4000000,9,2022
2022-09-03,"CraftLaminasi290",6000,950,5700000,9,2022
2022-09-03,"HVS",20000,250,5000000,9,2022
2022-09-05,"CraftLaminasi290",1000,1100,1100000,9,2022
2022-09-05,"Ivory230",1000,1200,1200000,9,2022
2022-09-05,"Foodpak260Glossy",5000,1200,6000000,9,2022
2022-09-07,"Dupleks310",2000,1600,3200000,9,2022
2022-09-07,"Dupleks310",2000,1600,3200000,9,2022
2022-09-07,"GreaseProof",1000,400,400000,9,2022
2022-09-08,"CraftLaminasi290",5000,850,4250000,9,2022
2022-09-08,"Dupleks310",1000,2000,2000000,9,2022
2022-09-08,"Ivory270",500,5500,2750000,9,2022
2022-09-08,"Dupleks350",500,5500,2750000,9,2022
2022-09-08,"Ivory300",1000,2500,2500000,9,2022
2022-09-08,"GreaseProof",1000,300,300000,9,2022
2022-09-08,"Ivory300",2000,1500,3000000,9,2022
2022-09-14,"Dupleks350",1000,2800,2800000,9,2022
2022-09-14,"CraftLaminasi290",2000,1950,3900000,9,2022
2022-09-14,"Dupleks350",2000,1975,3950000,9,2022
2022-09-14,"CraftLaminasi290",1000,1200,1200000,9,2022
2022-09-14,"FoodpakGlossy260",1000,1800,1800000,9,2022
2022-09-14,"Foodpak295",1000,1600,1600000,9,2022
2022-09-14,"Foodpak295",1000,1600,1600000,9,2022
2022-09-14,"Dupleks270",1000,1800,1800000,9,2022
2022-09-14,"GreaseProof",1000,950,950000,9,2022
2022-09-14,"Foodpak260Glossy",1000,1600,1600000,9,2022
2022-09-14,"Dupleks350",1000,2500,2500000,9,2022
2022-09-14,"Dupleks400",1000,2500,2500000,9,2022
2022-09-19,"Dupleks310",500,1450,725000,9,2022
2022-09-19,"CraftLaminasi290",5000,1200,6000000,9,2022
2022-09-19,"Dupleks310",1000,1400,1400000,9,2022
2022-09-19,"Foodpak260Glossy",1000,1650,1650000,9,2022
2022-09-19,"FoodpakMatte245",2500,700,1750000,9,2022
2022-09-19,"Dupleks350",2000,1600,3200000,9,2022
2022-09-19,"Dupleks350",2000,1500,3000000,9,2022
2022-09-19,"Dupleks310",1000,1400,1400000,9,2022
2022-09-19,"Foodpak260Glossy",2000,2300,4600000,9,2022
2022-09-19,"CraftLaminasi290",4000,1700,6800000,9,2022
2022-09-19,"CraftLaminasi290",1000,1200,1200000,9,2022
2022-09-19,"Ivory250",1000,1650,1650000,9,2022
2022-09-19,"CraftLaminasi290",3000,1700,5100000,9,2022
2022-09-19,"CraftLaminasi290",1000,1200,1200000,9,2022
2022-09-24,"CraftLaminasi290",2000,1850,3700000,9,2022
2022-09-24,"CraftLaminasi290",2000,900,1800000,9,2022
2022-09-24,"Dupleks310",1000,1900,1900000,9,2022
2022-09-24,"Dupleks310",1000,1900,1900000,9,2022
2022-09-24,"Ivory270",2000,950,1900000,9,2022
2022-09-24,"Dupleks310",1000,2200,2200000,9,2022
2022-09-24,"Dupleks310",1000,1550,1550000,9,2022
2022-09-24,"CraftLaminasi290",3000,1000,3000000,9,2022
2022-09-24,"CraftLaminasi290",1000,850,850000,9,2022
2022-09-24,"CraftFoodpak290",3000,875,2625000,9,2022
2022-09-24,"FoodpakMatte295",1000,1900,1900000,9,2022
2022-09-24,"Dupleks310",1000,1500,1500000,9,2022
2022-09-24,"Craft290",1000,1350,1350000,9,2022
2022-09-24,"Ivory230",1000,1600,1600000,9,2022
2022-09-24,"Ivory230",1000,1600,1600000,9,2022
2022-09-24,"GreaseProof40",1000,300,300000,9,2022
2022-09-24,"Ivory230",1000,1700,1700000,9,2022
2022-09-24,"Dupleks350",1000,3450,3450000,9,2022
2022-09-24,"Dupleks310",2000,1800,3600000,9,2022
2022-09-24,"Foodpak260Glossy",5000,1450,7250000,9,2022
2022-09-24,"Ivory230",1000,1150,1150000,9,2022
2022-10-04,"Dupleks310",2000,1600,3200000,10,2022
2022-10-04,"FoodpakGlossy260",1000,1800,1800000,10,2022
2022-10-04,"Dupleks310",3000,1400,4200000,10,2022
2022-10-05,"CraftLaminasi290",4000,800,3200000,10,2022
2022-10-06,"CraftFoodpak290",1500,875,1312500,10,2022
2022-10-07,"HVS",20000,250,5000000,10,2022
2022-10-07,"Dupleks310",3500,1650,5775000,10,2022
2022-10-08,"Dupleks310",1000,2200,2200000,10,2022
2022-10-09,"Ivory270",1000,2300,2300000,10,2022
2022-10-10,"GreaseProofPlano",1000,300,300000,10,2022
2022-10-11,"Ivory270",1000,2700,2700000,10,2022
2022-10-12,"Ivory230",2000,1450,2900000,10,2022
2022-10-13,"Ivory230",2000,945,1890000,10,2022
2022-10-14,"CraftLaminasi290",2000,1850,3700000,10,2022
2022-10-15,"Ivory230",1500,1600,2400000,10,2022
2022-10-16,"Ivory230",1000,1700,1700000,10,2022
2022-10-17,"Dupleks310",2000,1400,2800000,10,2022
2022-10-18,"Dupleks310",1000,1550,1550000,10,2022
2022-10-19,"CraftLaminasi290",5000,850,4250000,10,2022
2022-10-19,"Ivory270",1000,2000,2000000,10,2022
2022-10-19,"CraftFoodpak290",1000,1200,1200000,10,2022
2022-10-19,"Ivory270",1000,3500,3500000,10,2022
2022-10-20,"CraftLaminasi290",5000,1200,6000000,10,2022
2022-10-21,"GreaseProof",3500,350,1225000,10,2022
2022-10-22,"Ivory250",2000,1400,2800000,10,2022
2022-10-23,"Dupleks310",3500,1700,5950000,10,2022
2022-10-24,"Dupleks350",2000,1975,3950000,10,2022
2022-10-24,"Dupleks350",1000,2200,2200000,10,2022
2022-10-24,"Dupleks270Laminating",1000,2000,2000000,10,2022
2022-10-24,"Ivory250",1000,1600,1600000,10,2022
2022-10-24,"Dupleks310",1000,1900,1900000,10,2022
2022-10-24,"Ivory270",1000,2700,2700000,10,2022
2022-10-24,"Ivory230",1000,1700,1700000,10,2022
2022-10-24,"Dupleks310",1000,1900,1900000,10,2022
2022-10-24,"GreaseProof",2000,275,550000,10,2022
2022-10-24,"PTSariIndahPackagingIndustry",100,3500,350000,10,2022
2022-10-24,"CraftLaminasi290",2000,1850,3700000,10,2022
2022-10-24,"Dupleks350",2000,1500,3000000,10,2022
2022-10-24,"CraftLaminasi290",4500,1600,7200000,10,2022
2022-10-24,"Craft310",1000,2000,2000000,10,2022
2022-10-24,"Dupleks310",600,2450,1470000,10,2022
2022-10-24,"Ivory230",1000,1100,1100000,10,2022
2022-10-24,"Ivory230",1000,1300,1300000,10,2022
2022-10-24,"Ivory250",1000,1700,1700000,10,2022
2022-10-24,"Ivory250",1000,2000,2000000,10,2022
2022-10-24,"Ivory300",2000,1500,3000000,10,2022
2022-10-24,"CraftFoodpak290",1000,975,975000,10,2022
2022-10-24,"CraftFoodpak290",1000,1200,1200000,10,2022
2022-10-24,"GreaseProof",1000,800,800000,10,2022
2022-11-05,"Dupleks310",1000,1550,1550000,11,2022
2022-11-05,"CraftLaminasi290",2000,900,1800000,11,2022
2022-11-05,"Ivory270",1000,850,850000,11,2022
2022-11-05,"Ivory230",3000,950,2850000,11,2022
2022-11-05,"CraftFoodpak290",1500,875,1312500,11,2022
2022-11-08,"CraftLaminasi290",1000,800,800000,11,2022
2022-11-08,"CraftLaminasi290",1000,850,850000,11,2022
2022-11-10,"Ivory270",1000,2000,2000000,11,2022
2022-11-10,"Ivory270",1000,2400,2400000,11,2022
2022-11-10,"Ivory270",1000,2900,2900000,11,2022
2022-11-10,"Ivory270",1000,3550,3550000,11,2022
2022-11-13,"FoodpakGlossy260",1000,1700,1700000,11,2022
2022-11-13,"Dupleks310",2000,1800,3600000,11,2022
2022-11-13,"Dupleks310",1000,1900,1900000,11,2022
2022-11-13,"Ivory250",1000,1700,1700000,11,2022
2022-11-13,"Dupleks310",2000,1300,2600000,11,2022
2022-11-13,"Ivory230",1500,1600,2400000,11,2022
2022-11-13,"CraftLaminasi290",5000,1200,6000000,11,2022
2022-11-13,"Ivory230",1000,1700,1700000,11,2022
2022-11-20,"Dupleks310P",2000,1600,3200000,11,2022
2022-11-20,"Craft290",1000,1100,1100000,11,2022
2022-11-20,"GreaseProof",1000,800,800000,11,2022
2022-11-20,"GreaseProof",1000,300,300000,11,2022
2022-11-20,"Dupleks310P",3000,1400,4200000,11,2022
2022-11-20,"Ivory250+Laminasi",1000,2500,2500000,11,2022
2022-11-20,"HVS",20000,250,5000000,11,2022
2022-11-20,"CraftFoodpak290",2000,875,1750000,11,2022
2022-11-22,"CraftLaminasi290",3000,800,2400000,11,2022
2022-11-22,"StikerA3",250,5500,1375000,11,2022
2022-11-22,"Dupleks310",2000,1600,3200000,11,2022
2022-11-22,"GreaseProof",1000,350,350000,11,2022
2022-11-22,"Dupleks270",1000,1800,1800000,11,2022
2022-11-22,"Dupleks350",2000,1975,3950000,11,2022
2022-11-22,"Ivory250",1000,1900,1900000,11,2022
2022-11-22,"Dupleks350",1000,2250,2250000,11,2022
2022-11-22,"Dupleks400",1000,2250,2250000,11,2022
2022-11-22,"Dupleks350",1000,2200,2200000,11,2022
2022-11-22,"Dupleks310",1000,1900,1900000,11,2022
2022-11-22,"Ivory300",1000,2400,2400000,11,2022
2022-11-22,"GreaseProof",1000,300,300000,11,2022
2022-11-23,"Dupleks310",2000,1800,3600000,11,2022
2022-11-23,"Foodpak260Glossy",5000,1200,6000000,11,2022
2022-11-23,"Ivory230",2000,945,1890000,11,2022
2022-11-23,"Dupleks350",2000,1500,3000000,11,2022
2022-11-23,"Ivory230",1000,1300,1300000,11,2022
2022-11-23,"Ivory230+LaminasiAlas",1000,1900,1900000,11,2022
2022-11-23,"CraftLaminasi290",2000,1850,3700000,11,2022
2022-11-23,"GreaseProof",1000,400,400000,11,2022
2022-11-26,"CraftLaminasi290",5000,850,4250000,11,2022
2022-11-26,"CraftLaminasi290",3000,650,1950000,11,2022
2022-11-26,"CraftBiasa310",1000,1700,1700000,11,2022
2022-11-26,"CraftLaminasi290",3000,1300,3900000,11,2022
2022-11-26,"Ivory230",1000,1100,1100000,11,2022
2022-11-26,"GreaseProof",1000,950,950000,11,2022
2022-11-26,"CraftLaminasi290",1000,900,900000,11,2022
2022-11-26,"Ivory230+Laminating",1000,1900,1900000,11,2022
2022-11-29,"Dupleks310",1000,1550,1550000,11,2022
2022-11-29,"Ivory300",1000,1500,1500000,11,2022
2022-11-29,"CraftLaminasi290",1000,1200,1200000,11,2022
2022-11-29,"Ivory270",1000,2600,2600000,11,2022
2022-11-29,"Ivory260Matte",1000,1800,1800000,11,2022
2022-11-29,"Craft310",3000,1400,4200000,11,2022
2022-11-29,"Ivory250",2000,1400,2800000,11,2022
2022-12-01,"Craft290Laminasi",3000,1200,3600000,12,2022
2022-12-01,"Foodpak260Matte",1000,1700,1700000,12,2022
2022-12-01,"Craft290Laminasi",1000,1500,1500000,12,2022
2022-12-01,"Foodpak260Glossy",5000,1450,7250000,12,2022
2022-12-02,"CraftLaminasi290",4000,1600,6400000,12,2022
2022-12-02,"Dupleks350",2000,1600,3200000,12,2022
2022-12-02,"Ivory270",2000,1900,3800000,12,2022
2022-12-03,"Ivory270",1000,2900,2900000,12,2022
2022-12-03,"GreaseProof",1000,800,800000,12,2022
2022-12-03,"Dupleks310",1000,1800,1800000,12,2022
2022-12-05,"Ivory230",2000,945,1890000,12,2022
2022-12-05,"Ivory230",1000,950,950000,12,2022
2022-12-06,"Dupleks310",2000,1600,3200000,12,2022
2022-12-07,"CraftLaminasi290",1000,850,850000,12,2022
2022-12-07,"CraftLaminasi290",2500,800,2000000,12,2022
2022-12-07,"CraftFoodpak290",1500,875,1312500,12,2022
2022-12-07,"Craft300",1000,1650,1650000,12,2022
2022-12-07,"Dupleks270",1000,1500,1500000,12,2022
2022-12-07,"Dupleks310",1000,1500,1500000,12,2022
2022-12-07,"Ivory230",1000,1700,1700000,12,2022
2022-12-07,"Dupleks350",1000,2200,2200000,12,2022
2022-12-07,"HVS",20000,250,5000000,12,2022
2022-12-07,"Foodpak260Matte",1000,1100,1100000,12,2022
2022-12-07,"Ivory230",3000,950,2850000,12,2022
2022-12-12,"Dupleks310",1000,2200,2200000,12,2022
2022-12-12,"Ivory300",1000,4300,4300000,12,2022
2022-12-12,"Ivory300",1000,2400,2400000,12,2022
2022-12-12,"Ivory230",1000,1800,1800000,12,2022
2022-12-12,"Foodpak295Matte",1000,1900,1900000,12,2022
2022-12-12,"Ivory270",1000,1750,1750000,12,2022
2022-12-12,"Ivory230",1500,1600,2400000,12,2022
2022-12-12,"Ivory230",1000,1650,1650000,12,2022
2022-12-13,"Ivory230",2000,950,1900000,12,2022
2022-12-13,"CraftLaminasi290",2000,1200,2400000,12,2022
2022-12-13,"DUPLEKS310",1000,1200,1200000,12,2022
2022-12-14,"Foodpak260Glossy",2000,2300,4600000,12,2022
2022-12-14,"Dupleks270",1000,2000,2000000,12,2022
2022-12-14,"Dupleks350",2000,1975,3950000,12,2022
2022-12-14,"KertasSisaIvory300",1000,800,800000,12,2022
2022-12-15,"CraftFoodpak290Laminasi",1000,1500,1500000,12,2022
2022-12-15,"Dupleks270Eplex",3000,1300,3900000,12,2022
2022-12-15,"Ivory270",1000,1500,1500000,12,2022
2022-12-15,"Ivory350",1000,3500,3500000,12,2022
2022-12-15,"Dupleks310",1000,1300,1300000,12,2022
2022-12-15,"FoodpakGlossy320",1000,3800,3800000,12,2022
2022-12-15,"FoodpakGlossy320",1000,2600,2600000,12,2022
2022-12-15,"Craft310",1000,950,950000,12,2022
2022-12-15,"Ivory250",1000,1700,1700000,12,2022
2022-12-15,"CraftLaminasi290",3000,1300,3900000,12,2022
2022-12-15,"Dupleks310",2000,1850,3700000,12,2022
2022-12-15,"Craft270",1000,950,950000,12,2022
2022-12-15,"Ivory230",2000,1450,2900000,12,2022
2022-12-15,"Craft310",5000,1200,6000000,12,2022
2022-12-15,"PTSARIINDAH",100,3000,300000,12,2022
2022-12-15,"CraftLaminasi290",2000,1600,3200000,12,2022
2022-12-15,"CraftLaminasi290",1000,1200,1200000,12,2022
2022-12-15,"Ivory250",1000,1650,1650000,12,2022
2022-12-15,"Dupleks310",1000,2300,2300000,12,2022
2022-12-15,"Dupleks350P",2000,1500,3000000,12,2022
2022-12-15,"NCR",100,18000,1800000,12,2022
2022-12-15,"Ivory230",1000,1200,1200000,12,2022
2022-12-15,"CraftLaminasi290",2000,900,1800000,12,2022
2022-12-15,"Ivory300",2000,1500,3000000,12,2022
2022-12-15,"Craft275",1000,1600,1600000,12,2022
2022-12-15,"Dupleks350",1000,2200,2200000,12,2022
2022-12-15,"Dupleks350",1000,2200,2200000,12,2022
2022-12-15,"Foodpak260Matte",1000,1700,1700000,12,2022
2022-12-15,"Dupleks310P",2000,1600,3200000,12,2022
2022-12-15,"Ivory230",1000,1700,1700000,12,2022
2022-12-15,"CraftLaminasi290",1500,850,1275000,12,2022
2022-12-15,"CraftLaminasi290",2000,800,1600000,12,2022
2022-12-15,"CraftFoodpak290",1500,875,1312500,12,2022
2022-12-15,"Dupleks310",2000,1400,2800000,12,2022
2022-12-15,"Craft275Biasa",1000,1000,1000000,12,2022
2022-12-15,"GreaseProof",1000,400,400000,12,2022
2023-01-01,"Dupleks310",2000,1800,3600000,1,2023
2023-01-01,"Ivory230",1000,1400,1400000,1,2023
2023-01-01,"Dupleks310",2000,1650,3300000,1,2023
2023-01-01,"Dupleks350",1000,2250,2250000,1,2023
2023-01-01,"Dupleks400",1000,2250,2250000,1,2023
2023-01-01,"Ivory230",1500,1600,2400000,1,2023
2023-01-01,"Dupleks310",1000,1800,1800000,1,2023
2023-01-01,"GreaseProof",2000,200,400000,1,2023
2023-01-01,"Dupleks310",1000,1900,1900000,1,2023
2023-01-01,"Dupleks310",2000,2000,4000000,1,2023
2023-01-01,"GreaseProof",2000,200,400000,1,2023
2023-01-01,"Ivory230",1000,950,950000,1,2023
2023-01-01,"Foodpak295",1000,1700,1700000,1,2023
2023-01-01,"Ivory270",2000,2250,4500000,1,2023
2023-01-01,"Ivory270",1000,1750,1750000,1,2023
2023-01-06,"CraftLaminasi290",4000,1600,6400000,1,2023
2023-01-06,"Duplex310",5000,1100,5500000,1,2023
2023-01-06,"Ivory230",1000,1000,1000000,1,2023
2023-01-06,"Foodpak245Matte",1000,1800,1800000,1,2023
2023-01-06,"Ivory230",1000,1700,1700000,1,2023
2023-01-06,"Foodpak260",1000,1700,1700000,1,2023
2023-01-06,"Foodpak260",1000,1800,1800000,1,2023
2023-01-06,"Ivory230",1000,1700,1700000,1,2023
2023-01-06,"CraftLaminasi290",5000,850,4250000,1,2023
2023-01-06,"Dupleks310",1000,1900,1900000,1,2023
2023-01-06,"Kinstruk150",1000,1000,1000000,1,2023
2023-01-06,"CraftLaminasi290",1000,4500,4500000,1,2023
2023-01-06,"CraftLaminasi290",1000,1300,1300000,1,2023
2023-01-06,"CraftLaminasi290",1000,3050,3050000,1,2023
2023-01-06,"Ivory250",2000,1400,2800000,1,2023
2023-01-06,"Ivory230",1000,1600,1600000,1,2023
2023-01-06,"Ivory270",1000,1900,1900000,1,2023
2023-01-06,"Ivory270",1000,1500,1500000,1,2023
2023-01-06,"GreaseProof",1000,400,400000,1,2023
2023-01-06,"Dupleks270",1000,1500,1500000,1,2023
2023-01-06,"HVS",20000,250,5000000,1,2023
2023-01-06,"Dupleks310",1000,1800,1800000,1,2023
2023-01-06,"Dupleks310",1000,2200,2200000,1,2023
2023-01-06,"Dupleks310",1000,1550,1550000,1,2023
2023-01-06,"CraftLaminasi290",6000,950,5700000,1,2023
2023-01-06,"CraftLaminasi290",3000,800,2400000,1,2023
2023-01-06,"CraftFoodpak290",1500,875,1312500,1,2023
2023-01-06,"Dupleks350",2000,1975,3950000,1,2023
2023-01-06,"Ivory230",1000,1400,1400000,1,2023
2023-01-06,"Dupleks350",2000,1600,3200000,1,2023
2023-01-06,"Dupleks310",1000,2000,2000000,1,2023
2023-01-06,"Craft275",4000,700,2800000,1,2023
2023-01-06,"GreaseProof",1000,100,100000,1,2023
2023-01-06,"Dupleks310",1000,1800,1800000,1,2023
2023-01-06,"Dupleks310",1000,2200,2200000,1,2023
2023-01-06,"Dupleks310",3500,1700,5950000,1,2023
2023-01-06,"GreaseProof",1000,1200,1200000,1,2023
2023-01-06,"FoodpakMatte245",1000,1500,1500000,1,2023
2023-01-06,"CraftLaminasi290",1500,850,1275000,1,2023
2023-01-06,"CEMERLANGINDAHSELARAS",1000,1850,1850000,1,2023
2023-01-06,"Ivory270",1000,1750,1750000,1,2023
2023-01-06,"GreaseProof",2000,300,600000,1,2023
2023-01-06,"Ivory245Matte",1000,1800,1800000,1,2023
2023-01-06,"Dupleks310",1000,2000,2000000,1,2023
2023-01-06,"Ivory230",1000,1000,1000000,1,2023
2023-01-06,"Craft310",5000,1200,6000000,1,2023
2023-01-06,"FoodpakMatte245",4000,1000,4000000,1,2023
2023-01-06,"Ivory230",1500,1600,2400000,1,2023
2023-01-06,"Dupleks350",1000,3000,3000000,1,2023
2023-01-06,"Dupleks350",1000,2650,2650000,1,2023
2023-01-06,"Dupleks350",500,3800,1900000,1,2023
2023-01-06,"Dupleks350",500,2600,1300000,1,2023
2023-01-06,"GreaseProof",500,300,150000,1,2023
2023-01-06,"GreaseProof",2000,400,800000,1,2023
2023-01-06,"Dupleks350",1000,2000,2000000,1,2023
2023-01-06,"Dupleks310",2000,1900,3800000,1,2023
2023-01-06,"Ivory300",1000,2400,2400000,1,2023
2023-01-06,"GreaseProof",1000,300,300000,1,2023
2023-02-01,"Ivory230",1000,1350,1350000,2,2023
2023-02-01,"Dupleks310",1000,1700,1700000,2,2023
2023-02-01,"FoodpakMatte245",1000,900,900000,2,2023
2023-02-01,"Foodpak260Glossy",5000,1450,7250000,2,2023
2023-02-01,"CraftLaminasi290",4000,1600,6400000,2,2023
2023-02-01,"FoodpakMatte245",1000,1600,1600000,2,2023
2023-02-05,"CEMERLANGINDAHSELARAS",1000,1850,1850000,2,2023
2023-02-05,"Ivory230",1000,1600,1600000,2,2023
2023-02-05,"CraftLaminasi290",2000,900,1800000,2,2023
2023-02-05,"Duplex310",5000,1100,5500000,2,2023
2023-02-05,"GreaseProof",3500,250,875000,2,2023
2023-02-05,"Ivory230",1000,1400,1400000,2,2023
2023-02-05,"Ivory230",1000,950,950000,2,2023
2023-02-09,"CraftFoodpak290",1500,1200,1800000,2,2023
2023-02-09,"FoodpakMatte245",1000,1200,1200000,2,2023
2023-02-09,"Dupleks310",2000,1900,3800000,2,2023
2023-02-09,"Dupleks310P",2000,1450,2900000,2,2023
2023-02-09,"Dupleks350P",2000,1500,3000000,2,2023
2023-02-09,"Dupleks310",1000,2000,2000000,2,2023
2023-02-09,"Ivory270",2000,1900,3800000,2,2023
2023-02-09,"CraftBiasa310",1000,1700,1700000,2,2023
2023-02-09,"GreaseProof",1000,300,300000,2,2023
2023-02-09,"CraftPackaging8",1000,1200,1200000,2,2023
2023-02-13,"Foodpak260Glossy",3500,2300,8050000,2,2023
2023-02-13,"CraftPackaging8",1000,1200,1200000,2,2023
2023-02-13,"Ivory270",1000,2600,2600000,2,2023
2023-02-13,"CraftLaminasi290",2000,800,1600000,2,2023
2023-02-13,"CraftFoodpak290",1000,875,875000,2,2023
2023-02-13,"CraftLaminasi290",1000,850,850000,2,2023
2023-02-13,"Ivory230",3500,750,2625000,2,2023
2023-02-13,"PTSARIINDAH",100,3000,300000,2,2023
2023-02-13,"KertasFolio",50,12000,600000,2,2023
2023-02-16,"Ivory230",1000,1000,1000000,2,2023
2023-02-16,"245",1000,1000,1000000,2,2023
2023-02-16,"Dupleks350",1000,2500,2500000,2,2023
2023-02-16,"Dupleks400",1000,2500,2500000,2,2023
2023-02-16,"Ivory230",3500,800,2800000,2,2023
2023-02-16,"GreaseProof",1000,300,300000,2,2023
2023-02-16,"Ivory230",1000,1800,1800000,2,2023
2023-02-16,"NCR",100,18000,1800000,2,2023
2023-02-19,"Ivory230",1000,1100,1100000,2,2023
2023-02-19,"Ivory250",1000,1700,1700000,2,2023
2023-02-19,"Craft310",1000,2000,2000000,2,2023
2023-02-19,"Ivory230",1000,1650,1650000,2,2023
2023-02-19,"GreaseProof",1000,300,300000,2,2023
2023-02-19,"StikerKertas",124,124,15376,2,2023
2023-02-19,"Foodpak260Glossy",5000,1200,6000000,2,2023
2023-02-19,"FoodpakMatte245",2000,1500,3000000,2,2023
2023-02-21,"HVS",40000,250,10000000,2,2023
2023-02-21,"Foodpak260",1000,1700,1700000,2,2023
2023-02-21,"CraftLaminasi290",3000,800,2400000,2,2023
2023-02-21,"CraftFoodpak290",2000,875,1750000,2,2023
2023-02-23,"CraftLaminasi290",5000,850,4250000,2,2023
2023-02-23,"CraftLaminasi290",3000,700,2100000,2,2023
2023-02-23,"Ivory230",2000,1450,2900000,2,2023
2023-03-02,"Dupleks350",2000,1975,3950000,3,2023
2023-03-02,"Ivory230",3000,950,2850000,3,2023
2023-03-02,"CraftPackaging8",1000,1250,1250000,3,2023
2023-03-02,"Ivory250+Laminasi",1000,2700,2700000,3,2023
2023-03-03,"Dupleks310",2000,1600,3200000,3,2023
2023-03-04,"Ivory270",2000,2250,4500000,3,2023
2023-03-04,"Ivory270",1000,2900,2900000,3,2023
2023-03-04,"Ivory270",2000,1800,3600000,3,2023
2023-03-06,"Dupleks350",2000,1600,3200000,3,2023
2023-03-06,"FoodpakMatte245",2000,1500,3000000,3,2023
2023-03-06,"Ivory230",1000,1350,1350000,3,2023
2023-03-06,"Dupleks310",1500,1700,2550000,3,2023
2023-03-06,"FoodpakGlossy320",1000,3800,3800000,3,2023
2023-03-06,"Dupleks270",2500,1700,4250000,3,2023
2023-03-09,"Ivory270",1000,2400,2400000,3,2023
2023-03-09,"GreaseProof",1000,300,300000,3,2023
2023-03-09,"Dupleks310",1000,1600,1600000,3,2023
2023-03-09,"CraftLaminasi290",4000,1700,6800000,3,2023
2023-03-10,"CraftLaminasi290",1000,1200,1200000,3,2023
2023-03-11,"CraftLaminasi290",2000,1600,3200000,3,2023
2023-03-11,"CraftLaminasi290",1000,1200,1200000,3,2023
2023-03-12,"Ivory250",2000,1400,2800000,3,2023
2023-03-13,"Dupleks310",1000,1550,1550000,3,2023
2023-03-14,"Ivory230",1120,1050,1176000,3,2023
2023-03-14,"Ivory230",2000,945,1890000,3,2023
2023-03-14,"Dupleks350",1000,2000,2000000,3,2023
2023-03-14,"Ivory250",1000,1900,1900000,3,2023
2023-03-14,"GreaseProof",3500,250,875000,3,2023
2023-03-14,"Dupleks310",2000,1800,3600000,3,2023
2023-03-14,"GreaseProof",2000,300,600000,3,2023
2023-03-15,"Ivory250",1000,1100,1100000,3,2023
2023-03-15,"CraftLaminasi290",2000,800,1600000,3,2023
2023-03-15,"CraftFoodpak290",1500,875,1312500,3,2023
2023-03-15,"CraftLaminasi290",1000,850,850000,3,2023
2023-03-15,"Ivory350",1000,1100,1100000,3,2023
2023-03-15,"Ivory350",1000,1100,1100000,3,2023
2023-03-15,"Dupleks350",2000,1500,3000000,3,2023
2023-03-18,"CraftLaminasi290",1000,1200,1200000,3,2023
2023-03-18,"Dupleks310",1000,2200,2200000,3,2023
2023-03-19,"Ivory250",1000,2000,2000000,3,2023
2023-03-19,"Ivory250",1000,1900,1900000,3,2023
2023-03-20,"CraftLaminasi290",2000,900,1800000,3,2023
2023-03-20,"CraftFoodpak2900",2000,1200,2400000,3,2023
2023-03-20,"Ivory230",3000,950,2850000,3,2023
2023-03-23,"FoodpakMatte245",5000,1500,7500000,3,2023
2023-03-23,"FoodpakMatte245",4000,1050,4200000,3,2023
2023-03-24,"Ivory270",2000,900,1800000,3,2023
2023-03-24,"Ivory230",1000,1450,1450000,3,2023
2023-03-24,"Dupleks270Laminating",1000,2000,2000000,3,2023
2023-03-24,"Ivory270",1000,2700,2700000,3,2023
2023-03-25,"GreaseProof",2000,300,600000,3,2023
2023-03-25,"GreaseProof",1000,300,300000,3,2023
2023-03-25,"Dupleks310",1000,2000,2000000,3,2023
2023-03-25,"DUPLEKS310",1000,1300,1300000,3,2023
2023-03-28,"Ivory230",1000,1500,1500000,3,2023
2023-03-28,"FoodpakMatte245",3000,1200,3600000,3,2023
2023-03-29,"FoodpakMatte245",3500,1200,4200000,3,2023
2023-03-29,"FoodpakMatte245",1000,1200,1200000,3,2023
2023-03-30,"Dupleks310",2000,1400,2800000,3,2023
2023-03-31,"CraftLaminasi290",2000,800,1600000,3,2023
2023-04-01,"FoodpakGlossy320",1000,2600,2600000,4,2023
2023-04-01,"Dupleks310",1000,1800,1800000,4,2023
2023-04-03,"FoodpakMatte245",3000,1500,4500000,4,2023
2023-04-03,"Ivory230",1000,1350,1350000,4,2023
2023-04-03,"CraftLaminasi290",5000,850,4250000,4,2023
2023-04-03,"Dupleks310",1000,1800,1800000,4,2023
2023-04-04,"Duplex310",5000,1100,5500000,4,2023
2023-04-04,"Dupleks270",1000,1600,1600000,4,2023
2023-04-05,"GreaseProof",3500,250,875000,4,2023
2023-04-05,"GreaseProof",1000,300,300000,4,2023
2023-04-05,"GreaseProof",1000,300,300000,4,2023
2023-04-07,"Ivory250",1000,1000,1000000,4,2023
2023-04-07,"Kinstruk150gsm",2000,500,1000000,4,2023
2023-04-10,"Ivory250",1000,1600,1600000,4,2023
2023-04-10,"FoodpakMatte245",1000,1200,1200000,4,2023
2023-04-12,"CraftLaminasi290",4000,1600,6400000,4,2023
2023-04-12,"ivory230",1000,1200,1200000,4,2023
2023-04-12,"Ivory250",1000,1700,1700000,4,2023
2023-04-12,"Ivory350",2000,950,1900000,4,2023
2023-04-13,"Ivory350",2000,950,1900000,4,2023
2023-04-13,"FoodpakMatte245",3500,1000,3500000,4,2023
2023-04-14,"CraftFoodpak",1000,600,600000,4,2023
2023-04-14,"CraftFoodpak",1000,1800,1800000,4,2023
2023-04-14,"Kinstruk150gsm",215,99970,21493550,4,2023
2023-04-15,"CraftFoodpak",3000,1875,5625000,4,2023
2023-04-15,"Ivory300",1000,2400,2400000,4,2023
2023-04-15,"GreaseProof",1000,300,300000,4,2023
2023-04-16,"CraftLaminasi290",2000,800,1600000,4,2023
2023-04-16,"CraftFoodpak290",1500,875,1312500,4,2023
2023-04-17,"Duplex310",5000,1100,5500000,4,2023
2023-04-17,"Dupleks350",1000,2250,2250000,4,2023
2023-04-17,"Dupleks400",1000,2250,2250000,4,2023
2023-04-18,"CEMERLANGINDAHSELARAS",1000,1850,1850000,4,2023
2023-04-23,"CraftPackaging8",1000,1200,1200000,4,2023
2023-04-23,"Craft290Laminasi8",1000,950,950000,4,2023
2023-04-23,"Ivory250",1000,1300,1300000,4,2023
2023-04-25,"FoodpakMatte245",5000,1500,7500000,4,2023
2023-04-26,"Ivory230",1000,1400,1400000,4,2023
2023-04-26,"Ivory230",1000,1600,1600000,4,2023
2023-04-26,"Ivory245Matte",1000,1800,1800000,4,2023
2023-04-28,"Craft310",2000,1200,2400000,4,2023
2023-04-28,"Foodpak260Glossy",3000,2300,6900000,4,2023
2023-04-28,"GreaseProof",1000,300,300000,4,2023
2023-04-28,"Foodpak245",1000,1000,1000000,4,2023
2023-04-28,"CraftLaminasi290",3000,800,2400000,4,2023
2023-04-28,"CraftFoodpak290",2000,875,1750000,4,2023
2023-04-28,"CraftLaminasi290",1000,850,850000,4,2023
2023-04-28,"Dupleks310",2000,1800,3600000,4,2023
2023-04-28,"Ivory230",2000,945,1890000,4,2023
2023-04-29,"HVS",20000,250,5000000,4,2023
2023-04-29,"Dupleks310",1000,1550,1550000,4,2023
2023-04-29,"Dupleks310",1000,1500,1500000,4,2023
2023-04-29,"Dupleks310",3500,1700,5950000,4,2023
2023-04-29,"CraftLaminasi290",6000,950,5700000,4,2023
2023-04-15,"GreaseProof",1000,400,400000,4,2023
2023-04-30,"Ivory230",3500,800,2800000,4,2023
2023-04-30,"Ivory250",1000,1700,1700000,4,2023
2023-04-30,"Dupleks310",1000,1700,1700000,4,2023
2023-04-30,"Ivory230",1000,1900,1900000,4,2023
2023-04-30,"Ivory230",1000,950,950000,4,2023
2023-04-30,"Ivory230",1000,1500,1500000,4,2023
2023-04-30,"Ivory230",2000,750,1500000,4,2023
2023-05-03,"Ivory250",1000,1100,1100000,5,2023
2023-05-03,"Duplex310",10000,1100,11000000,5,2023
2023-05-02,"Dupleks310",1000,1850,1850000,5,2023
2023-05-03,"CraftFoodpak290",1000,850,850000,5,2023
2023-05-04,"Dupleks270",1000,1400,1400000,5,2023
2023-05-04,"Dupleks270",500,1800,900000,5,2023
2023-05-05,"Dupleks350",2000,1975,3950000,5,2023
2023-05-05,"Dupleks350",1000,3000,3000000,5,2023
2023-05-05,"GreaseProof",1000,250,250000,5,2023
2023-05-05,"Dupleks310",2000,1900,3800000,5,2023
2023-05-05,"HVS",2000,250,500000,5,2023
2023-05-06,"Dupleks350",2000,1500,3000000,5,2023
2023-05-06,"Foodpak260Glossy",5000,1450,7250000,5,2023
2023-05-06,"Unbleaching",1000,400,400000,5,2023
2023-05-06,"Ivory250",1000,2500,2500000,5,2023
2023-05-06,"CraftFoodpak290",1000,1700,1700000,5,2023
2023-05-06,"FoodpakMatte245",5000,1500,7500000,5,2023
2023-05-06,"Ivory230",2000,1350,2700000,5,2023
2023-05-08,"FoodpakGlossy320",1000,2600,2600000,5,2023
2023-05-08,"FoodpakMatte245",1000,1800,1800000,5,2023
2023-05-09,"Kinstruk150",1000,1000,1000000,5,2023
2023-05-09,"GreaseProof",3000,700,2100000,5,2023
2023-05-10,"Ivory350",10000,950,9500000,5,2023
2023-05-11,"Dupleks350",1000,3000,3000000,5,2023
2023-05-12,"Foodpak260Matte",3000,1200,3600000,5,2023
2023-05-12,"Dupleks310",1000,1500,1500000,5,2023
2023-05-12,"GreaseProof",1000,300,300000,5,2023
2023-05-13,"GreaseProof",3500,250,875000,5,2023
2023-05-13,"Ivory230",1000,1400,1400000,5,2023
2023-05-13,"Ivory230",1000,1200,1200000,5,2023
2023-05-15,"Ivory230",1000,1700,1700000,5,2023
2023-05-16,"Dupleks310",1000,1700,1700000,5,2023
2023-05-17,"FoodpakMatte245",1000,850,850000,5,2023
2023-05-17,"Ivory350",1000,2700,2700000,5,2023
2023-05-17,"CraftLaminasi290",4000,1500,6000000,5,2023
2023-05-18,"Dupleks310",1000,2000,2000000,5,2023
2023-05-19,"CraftLaminasi290",2000,900,1800000,5,2023
2023-05-20,"CraftBiasa310",1000,1700,1700000,5,2023
2023-05-20,"Ivory230",2000,1450,2900000,5,2023
2023-05-20,"Dupleks310",2000,1000,2000000,5,2023
2023-05-22,"Kinstruk150",1000,1000,1000000,5,2023
2023-05-22,"Ivory250",1000,1600,1600000,5,2023
2023-05-22,"GreaseProof",3500,500,1750000,5,2023
2023-05-22,"Ivory350",6000,900,5400000,5,2023
2023-05-22,"Ivory350",4000,900,3600000,5,2023
2023-05-22,"Ivory230",1000,1300,1300000,5,2023
2023-05-23,"Ivory250",2000,1400,2800000,5,2023
2023-05-23,"Dupleks310",3000,1700,5100000,5,2023
2023-05-24,"Ivory250",2000,1000,2000000,5,2023
2023-05-25,"Ivory350",10000,900,9000000,5,2023
2023-05-25,"Ivory230",1000,1600,1600000,5,2023
2023-05-25,"Ivory230",1000,1600,1600000,5,2023
2023-05-25,"GreaseProof",1000,300,300000,5,2023
2023-05-26,"Dupleks310",1000,1800,1800000,5,2023
2023-05-26,"FoodpakMatte245",6000,1100,6600000,5,2023
2023-05-26,"GreaseProof",1000,300,300000,5,2023
2023-05-27,"Ivory270",1000,2200,2200000,5,2023
2023-05-28,"CraftLaminasi290",3000,800,2400000,5,2023
2023-05-28,"CraftFoodpak290",2000,875,1750000,5,2023
2023-05-28,"Ivory230",1000,1700,1700000,5,2023
2023-05-29,"Dupleks350",1000,3800,3800000,5,2023
2023-05-29,"Dupleks270",1000,1900,1900000,5,2023
2023-05-29,"GreaseProof",1000,300,300000,5,2023
2023-05-31,"Dupleks350",2000,1500,3000000,5,2023
2023-05-31,"FoodpakMatte245",3000,1500,4500000,5,2023
2023-05-31,"Ivory230",2000,1350,2700000,5,2023
2023-05-31,"FoodpakMatte",1000,2200,2200000,5,2023
2023-05-31,"FoodpakMatte",1000,1500,1500000,5,2023
2023-06-01,"Ivory230",3500,1200,4200000,6,2023
2023-06-01,"Ivory230",1000,945,945000,6,2023
2023-06-03,"Craft310",1000,2000,2000000,6,2023
2023-06-03,"FoodpakMatte245",1000,1200,1200000,6,2023
2023-06-03,"Foodpak260Matte",3000,1000,3000000,6,2023
2023-06-03,"CraftLaminasi290",2000,1600,3200000,6,2023
2023-06-05,"GreaseProof",1000,400,400000,6,2023
2023-06-06,"Ivory230",1000,1300,1300000,6,2023
2023-06-06,"Dupleks310",1000,1700,1700000,6,2023
2023-06-07,"Ivory250",1000,1700,1700000,6,2023
2023-06-07,"Dupleks350",2000,1600,3200000,6,2023
2023-06-08,"Ivory350",6000,900,5400000,6,2023
2023-06-08,"Ivory350",4000,900,3600000,6,2023
2023-06-08,"Foodpak260Matte",1000,2500,2500000,6,2023
2023-06-08,"FoodpakMatte295",1000,1900,1900000,6,2023
2023-06-08,"GreaseProof",3500,250,875000,6,2023
2023-06-10,"Ivory230",1000,950,950000,6,2023
2023-06-10,"Foodpak245",1000,1000,1000000,6,2023
2023-06-11,"Ivory230",1000,1800,1800000,6,2023
2023-06-11,"Dupleks310",1000,2200,2200000,6,2023
2023-06-12,"Ivory230",1000,1700,1700000,6,2023
2023-06-12,"StikerKertas",8,15000,120000,6,2023
2023-06-12,"StikerKertas",20,15000,300000,6,2023
2023-06-13,"Dupleks310",1000,1600,1600000,6,2023
2023-06-14,"Ivory245Matte",1000,1800,1800000,6,2023
2023-06-14,"Dupleks400",1000,2500,2500000,6,2023
2023-06-15,"Unbleached",1000,1000,1000000,6,2023
2023-06-15,"Ivory270",500,2400,1200000,6,2023
2023-06-15,"Ivory270",500,2400,1200000,6,2023
2023-06-15,"Ivory270",500,2400,1200000,6,2023
2023-06-15,"CraftLaminasi290",2000,800,1600000,6,2023
2023-06-15,"CraftLaminasi290",1500,875,1312500,6,2023
2023-06-15,"CraftLaminasi290",1500,850,1275000,6,2023
2023-06-15,"CraftLaminasi290",1000,950,950000,6,2023
2023-06-15,"Foodpak245",1000,1500,1500000,6,2023
2023-06-15,"Dupleks310",2000,1600,3200000,6,2023
2023-06-15,"Dupleks310P",1000,1450,1450000,6,2023
2023-06-15,"Dupleks310",3500,1100,3850000,6,2023
2023-06-16,"Dupleks310",1000,1700,1700000,6,2023
2023-06-16,"SISAKERTAS",1000,1200,1200000,6,2023
2023-06-16,"Ivory350",8000,900,7200000,6,2023
2023-06-16,"Ivory350",2000,900,1800000,6,2023
2023-06-16,"FoodpakMatte245",2000,1500,3000000,6,2023
2023-06-17,"Dupleks310",1000,1700,1700000,6,2023
2023-06-17,"Ivory230",1000,945,945000,6,2023
2023-06-18,"GreaseProof",1000,300,300000,6,2023
2023-06-18,"Ivory230",5000,800,4000000,6,2023
2023-06-19,"GreaseProof",1000,300,300000,6,2023
2023-06-19,"Dupleks310",1500,1700,2550000,6,2023
2023-06-21,"CraftLaminasi290",4000,1500,6000000,6,2023
2023-06-22,"Dupleks310",1000,1400,1400000,6,2023
2023-06-22,"GreaseProof",1000,300,300000,6,2023
2023-06-23,"FoodpakMatte245",2000,1000,2000000,6,2023
2023-06-26,"FoodpakMatte245",1000,1500,1500000,6,2023
2023-06-26,"FoodpakMatte245",3000,1500,4500000,6,2023
2023-06-26,"Ivory230",2000,1350,2700000,6,2023
2023-06-26,"HVS",20000,250,5000000,6,2023
2023-06-26,"Craft310",3000,1400,4200000,6,2023
2023-07-01,"FoodpakGlossy320",2000,4300,8600000,7,2023
2023-07-01,"FoodpakGlossy320",2000,2500,5000000,7,2023
2023-07-03,"Ivory270",2000,700,1400000,7,2023
2023-07-03,"Ivory270",2000,1900,3800000,7,2023
2023-07-03,"Ivory270",1000,2900,2900000,7,2023
2023-07-03,"Dupleks310",1000,2000,2000000,7,2023
2023-07-03,"Dupleks310",1000,1200,1200000,7,2023
2023-07-03,"Dupleks310",1000,2250,2250000,7,2023
2023-07-03,"Dupleks350",1000,2250,2250000,7,2023
2023-07-03,"GreaseProof40",2000,250,500000,7,2023
2023-07-03,"Dupleks310",1000,2000,2000000,7,2023
2023-07-03,"Dupleks350",2000,1975,3950000,7,2023
2023-07-03,"Dupleks310",1000,2000,2000000,7,2023
2023-07-03,"Ivory250",1000,1700,1700000,7,2023
2023-07-04,"Ivory300",1000,1500,1500000,7,2023
2023-07-04,"Dupleks310",1000,2100,2100000,7,2023
2023-07-04,"Ivory230",3500,800,2800000,7,2023
2023-07-05,"Ivory230",2000,1300,2600000,7,2023
2023-07-05,"GreaseProof",1000,400,400000,7,2023
2023-07-05,"Foodpak260Matte",3000,1200,3600000,7,2023
2023-07-05,"Ivory270",1000,2000,2000000,7,2023
2023-07-05,"Dupleks350",2000,1800,3600000,7,2023
2023-07-05,"CraftLaminasi290",2000,900,1800000,7,2023
2023-07-07,"Dupleks310",2000,2200,4400000,7,2023
2023-07-07,"Dupleks310",1000,1450,1450000,7,2023
2023-07-07,"Ivory230",1000,1200,1200000,7,2023
2023-07-07,"Ivory230",1000,950,950000,7,2023
2023-07-07,"Kinstruk150",1000,1000,1000000,7,2023
2023-07-08,"CraftLaminasi290",3000,800,2400000,7,2023
2023-07-08,"CraftLaminasi290",2000,875,1750000,7,2023
2023-07-08,"GreaseProof",3500,250,875000,7,2023
2023-07-09,"GreaseProof",1000,300,300000,7,2023
2023-07-10,"Dupleks270",3000,1800,5400000,7,2023
2023-07-11,"Dupleks270",3000,1400,4200000,7,2023
2023-07-11,"Dupleks310",1000,2200,2200000,7,2023
2023-07-12,"Ivory270",1000,1300,1300000,7,2023
2023-07-12,"Dupleks350",2000,1600,3200000,7,2023
2023-07-12,"CraftBiasa310",1000,1700,1700000,7,2023
2023-07-12,"Ivory230",1000,1200,1200000,7,2023
2023-07-12,"Dupleks350",2000,1500,3000000,7,2023
2023-07-13,"Dupleks310",2000,1900,3800000,7,2023
2023-07-13,"GreaseProof",1000,300,300000,7,2023
2023-07-14,"Craft310",1000,1200,1200000,7,2023
2023-07-14,"KertasStiker",6,15000,90000,7,2023
2023-07-14,"Foodpak260",1000,1700,1700000,7,2023
2023-07-14,"Ivory230GC",1000,1700,1700000,7,2023
2023-07-15,"FoodpakMatte245",3000,1500,4500000,7,2023
2023-07-15,"Ivory230",1000,1350,1350000,7,2023
2023-07-16,"Ivory230",1000,1500,1500000,7,2023
2023-07-16,"Dupleks270Laminating",1000,2000,2000000,7,2023
2023-07-16,"CraftLaminasi290",5000,1500,7500000,7,2023
2023-07-17,"Ivory230",1000,1600,1600000,7,2023
2023-07-17,"Ivory230",1000,1600,1600000,7,2023
2023-07-17,"Kinstruk250",1000,1200,1200000,7,2023
2023-07-17,"KertasStiker",5,15000,75000,7,2023
2023-07-18,"GreaseProof",1000,300,300000,7,2023
2023-07-19,"HVSHIJAU",20000,250,5000000,7,2023
2023-07-19,"Craft270",1000,1400,1400000,7,2023
2023-07-19,"Foodpak245",1000,1500,1500000,7,2023
2023-07-20,"CraftLaminasi",500,1700,850000,7,2023
2023-07-20,"CraftLaminasi",1000,1400,1400000,7,2023
2023-07-20,"Dupleks310",1000,1900,1900000,7,2023
2023-07-20,"PaperCup8Oz",1000,1850,1850000,7,2023
2023-07-20,"Ivory250",1000,1500,1500000,7,2023
2023-07-20,"Ivory250",1000,1100,1100000,7,2023
2023-07-20,"Ivory250",2000,1400,2800000,7,2023
2023-07-20,"CraftLaminasi8",1000,1200,1200000,7,2023
2023-07-20,"GreaseProof",1000,300,300000,7,2023
2023-07-21,"Ivory230",1000,1700,1700000,7,2023
2023-07-21,"Ivory250",1000,1900,1900000,7,2023
2023-07-21,"FoodpakMatte295",1000,3500,3500000,7,2023
2023-07-22,"Ivory250",2000,700,1400000,7,2023
2023-07-22,"Ivory245Matte",1000,1800,1800000,7,2023
2023-07-23,"CraftLaminasi290",1000,950,950000,7,2023
2023-07-24,"Dupleks310",2000,1900,3800000,7,2023
2023-07-25,"Ivory230",1000,1500,1500000,7,2023
2023-07-25,"Ivory300",2000,1350,2700000,7,2023
2023-07-25,"Craft290Foodpak",1000,1200,1200000,7,2023
2023-07-25,"Foodpak260Glossy",5000,1450,7250000,7,2023
2023-07-26,"Ivory300",1000,3200,3200000,7,2023
2023-07-27,"GreaseProof",3500,250,875000,7,2023
2023-07-27,"Dupleks350",2000,1500,3000000,7,2023
2023-07-27,"Foodpak260Matte",3000,1000,3000000,7,2023
2023-07-27,"Foodpak245",1000,1000,1000000,7,2023
2023-07-27,"Ivory230+LaminasiDoff",1000,1100,1100000,7,2023
2023-07-27,"GreaseProof",1000,450,450000,7,2023
2023-07-27,"FoodpakMatte245",2000,1000,2000000,7,2023
2023-07-29,"Ivory250",2000,1700,3400000,7,2023
2023-07-30,"Dupleks310",2000,1700,3400000,7,2023
2023-07-31,"FoodpakMatte245",3000,1500,4500000,7,2023
2023-07-31,"Ivory230",1000,1350,1350000,7,2023
2023-07-31,"Dupleks350",1000,3000,3000000,7,2023
2023-07-31,"Ivory270",1100,1300,1430000,7,2023
2023-07-31,"Cupstock",1000,2800,2800000,7,2023
2023-08-01,"Ivory230",1000,1400,1400000,8,2023
2023-08-01,"Craft290Laminasi",1000,1200,1200000,8,2023
2023-08-02,"Ivory350",8000,900,7200000,8,2023
2023-08-02,"Ivory350",4000,900,3600000,8,2023
2023-08-02,"Ivory230",3500,800,2800000,8,2023
2023-08-02,"Dupleks350",2000,2000,4000000,8,2023
2023-08-02,"Dupleks310",1000,1700,1700000,8,2023
2023-08-03,"Ivory230",2000,950,1900000,8,2023
2023-08-03,"Ivory230",1000,1400,1400000,8,2023
2023-08-04,"Ivory210",1000,1200,1200000,8,2023
2023-08-04,"Ivory270",1000,5000,5000000,8,2023
2023-08-05,"Dupleks310",3500,1300,4550000,8,2023
2023-08-05,"Ivory250",1000,500,500000,8,2023
2023-08-05,"Craft270",1000,1350,1350000,8,2023
2023-08-05,"CraftFoodpak290",2000,1700,3400000,8,2023
2023-08-07,"Dupleks270",1000,1900,1900000,8,2023
2023-08-07,"FoodpakMatte245",2000,1000,2000000,8,2023
2023-08-07,"Ivory270",4000,700,2800000,8,2023
2023-08-07,"GreaseProof",3500,250,875000,8,2023
2023-08-07,"Dupleks270",4000,1800,7200000,8,2023
2023-08-07,"Dupleks270",4000,1400,5600000,8,2023
2023-08-07,"FoodpakMatte245",6000,1100,6600000,8,2023
2023-08-08,"CraftFoodpak290",500,2500,1250000,8,2023
2023-08-09,"FoodpakMatte245",1000,1500,1500000,8,2023
2023-08-09,"CraftLaminasi290",3000,800,2400000,8,2023
2023-08-09,"CraftLaminasi290",2000,875,1750000,8,2023
2023-08-09,"GreaseProof",1000,300,300000,8,2023
2023-08-09,"CraftLaminasi290",1000,1400,1400000,8,2023
2023-08-09,"Dupleks310",1000,1800,1800000,8,2023
2023-08-10,"Dupleks310",1000,2300,2300000,8,2023
2023-08-10,"Dupleks310",2000,1900,3800000,8,2023
2023-08-11,"Dupleks310",1000,2500,2500000,8,2023
2023-08-11,"Dupleks310",1000,1500,1500000,8,2023
2023-08-11,"Dupleks310",1000,1400,1400000,8,2023
2023-08-13,"Ivory",450,1700,765000,8,2023
2023-08-13,"Foodpak260Matte",3000,1200,3600000,8,2023
2023-08-13,"CraftLaminasi290",2000,1600,3200000,8,2023
2023-08-13,"Dupleks350",2000,1975,3950000,8,2023
2023-08-13,"Ivory270",1000,2250,2250000,8,2023
2023-08-13,"Ivory270",1000,1800,1800000,8,2023
2023-08-13,"Ivory270",1000,1800,1800000,8,2023
2023-08-14,"Ivory230",1000,945,945000,8,2023
2023-08-16,"Dupleks310",1000,2000,2000000,8,2023
2023-08-16,"Dupleks270",1000,2000,2000000,8,2023
2023-08-16,"Craft290",1000,1100,1100000,8,2023
2023-08-16,"Ivory230",1000,950,950000,8,2023
2023-08-17,"Ivory230",3500,1100,3850000,8,2023
2023-08-18,"Ivory250",1000,1700,1700000,8,2023
2023-08-19,"Dupleks270",1000,1900,1900000,8,2023
2023-08-20,"FoodpakMatte245",4000,1500,6000000,8,2023
2023-08-20,"Ivory230",1000,1350,1350000,8,2023
2023-08-20,"Dupleks310",2000,1450,2900000,8,2023
2023-08-20,"Dupleks350",2000,1500,3000000,8,2023
2023-08-20,"Dupleks310",2000,1900,3800000,8,2023
2023-08-20,"Dupleks350",2000,1800,3600000,8,2023
2023-08-20,"Ivory270",1000,2250,2250000,8,2023
2023-08-20,"HVS",5000,300,1500000,8,2023
2023-08-21,"Dupleks310",1000,1850,1850000,8,2023
2023-08-21,"CraftLaminasi290",3000,1000,3000000,8,2023
2023-08-21,"Ivory270",1000,2500,2500000,8,2023
2023-08-21,"Ivory270",1000,2700,2700000,8,2023
2023-08-21,"Dupleks310",2000,1700,3400000,8,2023
2023-08-21,"Foodpak245",2000,1500,3000000,8,2023
2023-08-22,"KertasStikerA3",200,500,100000,8,2023
2023-08-23,"Ivory300",1000,1800,1800000,8,2023
2023-08-23,"Ivory300",1000,1700,1700000,8,2023
2023-08-24,"Dupleks310",2000,1700,3400000,8,2023
2023-08-24,"Dupleks310",3500,1700,5950000,8,2023
2023-08-24,"Dupleks310",3500,1700,5950000,8,2023
2023-08-24,"CraftLaminasi290",6000,950,5700000,8,2023
2023-08-24,"HVS",20000,250,5000000,8,2023
2023-08-24,"Ivory300",1000,4200,4200000,8,2023
2023-08-24,"Ivory300",500,6550,3275000,8,2023
2023-08-24,"Ivory300",500,6550,3275000,8,2023
2023-08-24,"Ivory300",500,5500,2750000,8,2023
2023-08-27,"CraftLaminasi290",1000,1350,1350000,8,2023
2023-08-27,"Dupleks310",1000,2000,2000000,8,2023
2023-08-27,"FoodpakMatte245",1000,1500,1500000,8,2023
2023-08-28,"Dupleks310",2000,1450,2900000,8,2023
2023-08-28,"CraftLaminasi290",2000,900,1800000,8,2023
2023-08-28,"CraftLaminasi290",1500,800,1200000,8,2023
2023-08-28,"CraftLaminasi290",1500,875,1312500,8,2023
2023-08-28,"CraftLaminasi290",1500,850,1275000,8,2023
2023-08-28,"Ivory230",1000,1700,1700000,8,2023
2023-08-28,"Ivory230",1000,2000,2000000,8,2023
2023-08-28,"Dupleks310",1000,1700,1700000,8,2023
2023-08-29,"Dupleks310",3000,1800,5400000,8,2023
2023-08-29,"Craf270",1000,2000,2000000,8,2023
2023-08-29,"Ivory230",1000,1000,1000000,8,2023
2023-08-29,"GreaseProof",5000,250,1250000,8,2023
2023-08-30,"Dupleks310IK",500,1500,750000,8,2023
2023-08-31,"Dupleks350IK",1500,1800,2700000,8,2023
2023-08-31,"Ivory300",1000,3400,3400000,8,2023
2023-08-31,"Ivory350",10000,900,9000000,8,2023
2023-08-31,"Ivory350",2000,900,1800000,8,2023
2023-08-31,"FoodpakMatte245",1000,1500,1500000,8,2023
2023-08-31,"GreaseProof",1000,400,400000,8,2023
2023-08-31,"Dupleks310P",1000,2250,2250000,8,2023
2023-08-31,"Dupleks350P",1000,2250,2250000,8,2023
2023-08-31,"Greseproof40",2000,250,500000,8,2023
2023-09-01,"Dupleks310",1000,1700,1700000,9,2023
2023-09-02,"Kinstruk250",2000,1150,2300000,9,2023
2023-09-02,"KertasStiker",5,15000,75000,9,2023
2023-09-03,"Ivory350",10000,900,9000000,9,2023
2023-09-03,"Ivory350",4000,900,3600000,9,2023
2023-09-03,"Ivory350",1000,2600,2600000,9,2023
2023-09-03,"CraftLaminasi290",4000,1500,6000000,9,2023
2023-09-05,"CraftLaminasi290",1000,1200,1200000,9,2023
2023-09-06,"GreaseProof",1000,300,300000,9,2023
2023-09-06,"Dupleks310",1000,1500,1500000,9,2023
2023-09-06,"GreaseProof",1000,300,300000,9,2023
2023-09-06,"CraftLaminasi290",1000,950,950000,9,2023
2023-09-07,"Dupleks310",2000,1600,3200000,9,2023
2023-09-08,"CraftLaminasi290",1000,950,950000,9,2023
2023-09-08,"Dupleks310",2000,1900,3800000,9,2023
2023-09-08,"Ivory250",1000,1900,1900000,9,2023
2023-09-08,"Foodpak245Matte",4000,1500,6000000,9,2023
2023-09-08,"Ivory230",1000,1350,1350000,9,2023
2023-09-08,"Dupleks310",1000,1900,1900000,9,2023
2023-09-09,"Ivory230",1000,1600,1600000,9,2023
2023-09-09,"Ivory230",1000,1700,1700000,9,2023
2023-09-09,"Ivory250",1000,1550,1550000,9,2023
2023-09-09,"Foodpak260Matte",4500,1000,4500000,9,2023
2023-09-09,"Dupleks310",1000,1400,1400000,9,2023
2023-09-12,"Dupleks310",1000,1700,1700000,9,2023
2023-09-12,"Dupleks310",1000,1500,1500000,9,2023
2023-09-12,"Dupleks310",1000,1700,1700000,9,2023
2023-09-13,"GreaseProof",1000,300,300000,9,2023
2023-09-13,"GreaseProof",1000,400,400000,9,2023
2023-09-13,"Ivory250",1000,1600,1600000,9,2023
2023-09-14,"Dupleks310",1000,2000,2000000,9,2023
2023-09-15,"Dupleks350",500,3000,1500000,9,2023
2023-09-16,"Foodpak245Matte",4000,1500,6000000,9,2023
2023-09-16,"Ivory230",1000,1350,1350000,9,2023
2023-09-16,"Ivory230",3500,800,2800000,9,2023
2023-09-17,"FoodpakMatte245",2000,1000,2000000,9,2023
2023-09-17,"Ivory230",1000,950,950000,9,2023
2023-09-17,"Foodpak245",1000,1000,1000000,9,2023
2023-09-19,"Dupleks350",500,2650,1325000,9,2023
2023-09-19,"Dupleks350",500,2600,1300000,9,2023
2023-09-19,"Dupleks350",500,2500,1250000,9,2023
2023-09-19,"Dupleks350",500,2500,1250000,9,2023
2023-09-19,"Dupleks310",1000,1900,1900000,9,2023
2023-09-19,"NCR",50,12000,600000,9,2023
2023-09-20,"Ivory230",1000,945,945000,9,2023
2023-09-20,"Ivory230",1000,945,945000,9,2023
2023-09-20,"Ivory250",1000,700,700000,9,2023
2023-09-20,"Dupleks350",2000,1600,3200000,9,2023
2023-09-20,"Dupleks270",5000,1400,7000000,9,2023
2023-09-21,"Ivory250",1000,1500,1500000,9,2023
2023-09-22,"Ivory250",1000,1700,1700000,9,2023
2023-09-22,"KertasStikerA3",5,15000,75000,9,2023
2023-09-22,"Greaseproof40gram",500,300,150000,9,2023
2023-09-22,"CraftLaminasi290",1500,800,1200000,9,2023
2023-09-23,"CraftLaminasi290",1500,875,1312500,9,2023
2023-09-24,"Dupleks310",1000,2150,2150000,9,2023
2023-09-25,"Ivory300",1000,2700,2700000,9,2023
2023-09-25,"GreaseProof",1000,300,300000,9,2023
2023-09-25,"CraftLaminasi290",1000,1400,1400000,9,2023
2023-09-26,"FoodpakMatte245",1000,600,600000,9,2023
2023-09-26,"FoodpakMatte245",1000,1100,1100000,9,2023
2023-09-26,"Dupleks310",1000,2750,2750000,9,2023
2023-09-27,"Ivory250",1000,2000,2000000,9,2023
2023-09-27,"GreaseProof",1000,400,400000,9,2023
2023-09-28,"Dupleks350",1000,2500,2500000,9,2023
2023-09-28,"Dupleks400",1000,2500,2500000,9,2023
2023-09-29,"Ivory250",2000,1400,2800000,9,2023
2023-09-30,"Dupleks350",2000,1800,3600000,9,2023
2023-09-30,"Dupleks310",1000,1900,1900000,9,2023
2023-09-30,"Ivory245Matte",1000,1800,1800000,9,2023
2023-10-01,"Dupleks310",2000,1300,2600000,10,2023
2023-10-01,"CraftLaminasi",1000,1500,1500000,10,2023
2023-10-01,"Ivory230",2000,945,1890000,10,2023
2023-10-02,"Foodpak260Matte",1000,2300,2300000,10,2023
2023-10-03,"Ivory230",1000,1700,1700000,10,2023
2023-10-04,"GreaseProof",1000,1000,1000000,10,2023
2023-10-05,"Dupleks350",2000,1975,3950000,10,2023
2023-10-05,"Ivory350",10000,900,9000000,10,2023
2023-10-05,"Ivory350",4000,900,3600000,10,2023
2023-10-05,"GreaseProof",1000,400,400000,10,2023
2023-10-06,"Foodpakmatte245",1000,1600,1600000,10,2023
2023-10-07,"Ivory300",1000,1550,1550000,10,2023
2023-10-08,"Dupleks310P",3000,1450,4350000,10,2023
2023-10-08,"Dupleks350",2000,1800,3600000,10,2023
2023-10-08,"CraftLaminasi290",3000,800,2400000,10,2023
2023-10-08,"CraftLaminasi290",1500,875,1312500,10,2023
2023-10-08,"Dupleks310",1000,1850,1850000,10,2023
2023-10-08,"CraftLaminasi290",2000,1000,2000000,10,2023
2023-10-08,"HVS",10000,275,2750000,10,2023
2023-10-09,"GreaseProof",1000,450,450000,10,2023
2023-10-09,"Ivory230",1000,1000,1000000,10,2023
2023-10-09,"CraftFoodpak290",1000,850,850000,10,2023
2023-10-09,"Ivory250",1000,1600,1600000,10,2023
2023-10-09,"CraftLaminasi290",4000,1500,6000000,10,2023
2023-10-10,"Ivory300",1000,1500,1500000,10,2023
2023-10-11,"Ivory230",1000,1800,1800000,10,2023
2023-10-12,"Ivory250",1000,1700,1700000,10,2023
2023-10-12,"FoodpakMatte245",1000,1500,1500000,10,2023
2023-10-12,"FoodpakMatte245",4000,1500,6000000,10,2023
2023-10-12,"Dupleks350",2500,1800,4500000,10,2023
2023-10-13,"GreaseProof32gram",1000,400,400000,10,2023
2023-10-14,"Ivory230",1000,1600,1600000,10,2023
2023-10-14,"Ivory230",1000,1600,1600000,10,2023
2023-10-14,"Dupleks310",1000,1700,1700000,10,2023
2023-10-14,"Ivory270",1000,1900,1900000,10,2023
2023-10-14,"FoodpakMatte245",500,1500,750000,10,2023
2023-10-14,"FoodpakMatte245",500,1300,650000,10,2023
2023-10-14,"BOWL800ML",1000,2800,2800000,10,2023
2023-10-14,"CraftLaminasi290",2000,900,1800000,10,2023
2023-10-15,"Craft310",3000,1400,4200000,10,2023
2023-10-16,"Dupleks350",2000,1500,3000000,10,2023
2023-10-17,"Unbleached",1000,1000,1000000,10,2023
2023-10-17,"Foodpak260Matte",3000,1200,3600000,10,2023
2023-10-17,"FoodpakMatte295",1000,1900,1900000,10,2023
2023-10-18,"FoodpakMatte245",2000,1000,2000000,10,2023
2023-10-18,"Dupleks310",1000,1800,1800000,10,2023
2023-10-19,"Ivory250",1000,700,700000,10,2023
2023-10-19,"Dupleks270",1000,1900,1900000,10,2023
2023-10-20,"Ivory230",1000,950,950000,10,2023
2023-10-20,"CraftLaminasi",1000,900,900000,10,2023
2023-10-20,"CraftLaminasi",1000,900,900000,10,2023
2023-10-20,"HVS",20000,250,5000000,10,2023
2023-10-20,"FoodpakMatte245",1000,2400,2400000,10,2023
2023-10-21,"Ivory300",1000,3000,3000000,10,2023
2023-10-21,"CraftLaminasi",1000,900,900000,10,2023
2023-10-21,"Dupleks310",1000,1450,1450000,10,2023
2023-10-23,"CraftLaminasi290",1000,1400,1400000,10,2023
2023-10-23,"Ivory250",1000,1550,1550000,10,2023
2023-10-23,"CraftLaminasi",1000,1700,1700000,10,2023
2023-10-23,"Dupleks310",1000,1700,1700000,10,2023
2023-10-24,"FoodpakMatte245",1000,1700,1700000,10,2023
2023-10-24,"Dupleks310",1000,1700,1700000,10,2023
2023-10-24,"CraftLaminasi8",1000,1200,1200000,10,2023
2023-10-25,"Unbleaching",1000,400,400000,10,2023
2023-10-25,"Dupleks310",1000,1700,1700000,10,2023
2023-10-25,"Ivory350",10000,900,9000000,10,2023
2023-10-25,"Ivory350",4000,900,3600000,10,2023
2023-10-25,"GreaseProof",1000,300,300000,10,2023
2023-10-26,"Ivory270",2000,1800,3600000,10,2023
2023-10-26,"Ivory270",1000,2100,2100000,10,2023
2023-10-27,"GreaseProof",1000,300,300000,10,2023
2023-10-28,"CraftLaminasi290",1500,800,1200000,10,2023
2023-10-28,"CraftLaminasi290",1000,875,875000,10,2023
2023-10-28,"CraftLaminasi290",1000,850,850000,10,2023
2023-10-28,"Dupleks310",1000,1700,1700000,10,2023
2023-10-29,"Ivory230",3500,800,2800000,10,2023
2023-10-29,"Dupleks270",2000,1400,2800000,10,2023
2023-10-30,"Dupleks350",1000,3000,3000000,10,2023
2023-10-30,"Dupleks350",3000,250,750000,10,2023
2023-10-30,"FoodpakMatte245",4000,1500,6000000,10,2023
2023-10-30,"Ivory230",1000,1350,1350000,10,2023
2023-10-31,"FoodpakMatte245",2000,1000,2000000,10,2023
2023-11-01,"Bowl650mlCIS",5000,1700,8500000,11,2023
2023-11-02,"Dupleks310P",1000,2250,2250000,11,2023
2023-11-02,"Dupleks350P",1000,2250,2250000,11,2023
2023-11-03,"FoodpakMatte245",1000,1600,1600000,11,2023
2023-11-03,"FoodpakMatte245",1000,1600,1600000,11,2023
2023-11-03,"Dupleks310",2000,1600,3200000,11,2023
2023-11-03,"Kinstruk150gsm",500,500,250000,11,2023
2023-11-03,"FoodpakMatte245",1000,1500,1500000,11,2023
2023-11-04,"Dupleks270",1000,2000,2000000,11,2023
2023-11-06,"Dupleks270",4000,1400,5600000,11,2023
2023-11-06,"GreaseProof",3500,250,875000,11,2023
2023-11-07,"Dupleks310Eplex",2000,1800,3600000,11,2023
2023-11-07,"Ivory270",1000,2500,2500000,11,2023
2023-11-07,"Ivory270",1000,2100,2100000,11,2023
2023-11-07,"Ivory270",1000,2100,2100000,11,2023
2023-11-07,"Ivory270",1000,2100,2100000,11,2023
2023-11-07,"Ivory250",1000,1500,1500000,11,2023
2023-11-07,"FoodpakMatte245",1000,1500,1500000,11,2023
2023-11-08,"Ivory230",3500,1100,3850000,11,2023
2023-11-08,"Foodpak260Glossy",5000,1450,7250000,11,2023
2023-11-09,"Dupleks350",2000,1975,3950000,11,2023
2023-11-09,"CraftLaminasi290",2000,1600,3200000,11,2023
2023-11-09,"Dupleks310",1000,1500,1500000,11,2023
2023-11-10,"Ivory230",1000,1400,1400000,11,2023
2023-11-10,"Ivory230",1000,1600,1600000,11,2023
2023-11-11,"Dupleks310",1000,1900,1900000,11,2023
2023-11-11,"Dupleks310",1000,1900,1900000,11,2023
2023-11-11,"Dupleks350",1000,1700,1700000,11,2023
2023-11-11,"Dupleks350",3500,2000,7000000,11,2023
2023-11-11,"Dupleks350",3500,1900,6650000,11,2023
2023-11-11,"Dupleks350",3000,1600,4800000,11,2023
2023-11-12,"Foodpak260Matte",3000,1200,3600000,11,2023
2023-11-13,"Dupleks350",2000,1600,3200000,11,2023
2023-11-14,"FoodpakGlossy",500,2650,1325000,11,2023
2023-11-14,"FoodpakGlossy",500,2650,1325000,11,2023
2023-11-14,"FoodpakGlossy",500,2650,1325000,11,2023
2023-11-14,"FoodpakGlossy",500,2650,1325000,11,2023
2023-11-14,"Dupleks270Laminating",1000,2000,2000000,11,2023
2023-11-14,"Ivory230",1000,1300,1300000,11,2023
2023-11-14,"Ivory230",1000,900,900000,11,2023
2023-11-15,"CraftLaminasi290",2000,800,1600000,11,2023
2023-11-15,"CraftLaminasi290",1500,875,1312500,11,2023
2023-11-15,"FoodpakMatte",1000,2200,2200000,11,2023
2023-11-15,"GreaseProof",1000,300,300000,11,2023
